{"accuracy": [0.5852051973342896, 0.8438153266906738, 0.9059250354766846, 0.9330819845199585, 0.9506934881210327, 0.9621452689170837, 0.9689024686813354, 0.972658097743988, 0.9772814512252808, 0.9795433282852173], "loss": [1.4043421745300293, 0.49263978004455566, 0.28814423084259033, 0.20300224423408508, 0.14944970607757568, 0.11607963591814041, 0.09485556185245514, 0.08355775475502014, 0.06799471378326416, 0.06391451507806778], "val_accuracy": [0.8252333402633667, 0.9017755389213562, 0.9256203174591064, 0.939335286617279, 0.950717031955719, 0.9495788812637329, 0.9534486532211304, 0.965627133846283, 0.9611882567405701, 0.9693831205368042], "val_loss": [0.550599217414856, 0.3065839409828186, 0.22790975868701935, 0.1896667331457138, 0.15351668000221252, 0.1624128818511963, 0.14403556287288666, 0.11057892441749573, 0.11935393512248993, 0.10868151485919952]}